{
  "hash": "adff549d",
  "configHash": "af2275a2",
  "lockfileHash": "5b2315a1",
  "browserHash": "637688d8",
  "optimized": {
    "@angular/common": {
      "src": "../../../../../node_modules/@angular/common/fesm2022/common.mjs",
      "file": "@angular_common.js",
      "fileHash": "f0ef409d",
      "needsInterop": false
    },
    "@angular/common/http": {
      "src": "../../../../../node_modules/@angular/common/fesm2022/http.mjs",
      "file": "@angular_common_http.js",
      "fileHash": "a6555571",
      "needsInterop": false
    },
    "@angular/core": {
      "src": "../../../../../node_modules/@angular/core/fesm2022/core.mjs",
      "file": "@angular_core.js",
      "fileHash": "071dc030",
      "needsInterop": false
    },
    "@angular/forms": {
      "src": "../../../../../node_modules/@angular/forms/fesm2022/forms.mjs",
      "file": "@angular_forms.js",
      "fileHash": "0c0c11ec",
      "needsInterop": false
    },
    "@angular/platform-browser": {
      "src": "../../../../../node_modules/@angular/platform-browser/fesm2022/platform-browser.mjs",
      "file": "@angular_platform-browser.js",
      "fileHash": "9a03bf0b",
      "needsInterop": false
    },
    "@angular/router": {
      "src": "../../../../../node_modules/@angular/router/fesm2022/router.mjs",
      "file": "@angular_router.js",
      "fileHash": "bbb68b90",
      "needsInterop": false
    },
    "angular-in-memory-web-api": {
      "src": "../../../../../node_modules/angular-in-memory-web-api/fesm2022/angular-in-memory-web-api.mjs",
      "file": "angular-in-memory-web-api.js",
      "fileHash": "bed04233",
      "needsInterop": false
    },
    "rxjs": {
      "src": "../../../../../node_modules/rxjs/dist/esm5/index.js",
      "file": "rxjs.js",
      "fileHash": "3ae848db",
      "needsInterop": false
    }
  },
  "chunks": {
    "chunk-S3675LEJ": {
      "file": "chunk-S3675LEJ.js"
    },
    "chunk-RMVRHTLM": {
      "file": "chunk-RMVRHTLM.js"
    },
    "chunk-42MLWHQO": {
      "file": "chunk-42MLWHQO.js"
    },
    "chunk-MUPCDZEB": {
      "file": "chunk-MUPCDZEB.js"
    },
    "chunk-SXIXOCJ4": {
      "file": "chunk-SXIXOCJ4.js"
    }
  }
}